t_sim_ms,x,y,theta_encoder,theta_gyro,theta_kalman,waypoint,error_m,evadiendo
64,-0.875,0.875,0.0,0.0,0.0,1,0.25,0
128,-0.871,0.875,0.0,-0.0,-0.0,1,0.246,0
192,-0.8671,0.875,0.0,-0.0,-0.0,1,0.2421,0
256,-0.8632,0.875,0.0,-0.0,-0.0,1,0.2382,0
320,-0.8593,0.875,0.0,-0.0,-0.0,1,0.2343,0
384,-0.8553,0.875,0.0,-0.0,-0.0,1,0.2303,0
448,-0.8514,0.875,0.0,-0.0,-0.0,1,0.2264,0
512,-0.8474,0.875,0.0,-0.0,-0.0,1,0.2224,0
576,-0.8436,0.875,0.0,-0.0,0.0,1,0.2186,0
640,-0.8396,0.875,0.0,-0.0,0.0,1,0.2146,0
704,-0.8357,0.875,0.0,-0.0,0.0,1,0.2107,0
768,-0.8317,0.875,0.0,-0.0,0.0,1,0.2067,0
832,-0.8278,0.875,0.0,-0.0,0.0,1,0.2028,0
896,-0.8239,0.875,0.0,-0.0,0.0,1,0.1989,0
960,-0.8199,0.875,0.0,0.0,0.0,1,0.1949,0
1024,-0.816,0.875,0.0,0.0,0.0,1,0.191,0
1088,-0.812,0.875,0.0,0.0,0.0,1,0.187,0
1152,-0.8082,0.875,0.0,0.0,0.0,1,0.1832,0
1216,-0.8042,0.875,0.0,0.0,0.0,1,0.1792,0
1280,-0.8003,0.875,0.0,0.0,0.0,1,0.1753,0
1344,-0.7963,0.875,0.0,0.0,0.0,1,0.1713,0
1408,-0.7923,0.875,0.0,0.0,0.0,1,0.1673,0
1472,-0.7885,0.875,0.0,0.0,0.0,1,0.1635,0
1536,-0.7845,0.875,0.0,0.0,0.0,1,0.1595,0
1600,-0.7806,0.875,0.0,0.0,-0.0,1,0.1556,0
1664,-0.7766,0.875,0.0,0.0,-0.0,1,0.1516,0
1728,-0.7728,0.875,0.0,0.0,-0.0,1,0.1478,0
1792,-0.7688,0.875,0.0,0.0,-0.0,1,0.1438,0
1856,-0.7649,0.875,0.0,0.0,-0.0,1,0.1399,0
1920,-0.7609,0.875,0.0,0.0,-0.0,1,0.1359,0
1984,-0.7571,0.875,0.0,-0.0,-0.0,1,0.1321,0
2048,-0.7531,0.875,0.0,-0.0,-0.0,1,0.1281,0
2112,-0.7491,0.875,0.0,-0.0,-0.0,1,0.1241,0
2176,-0.7452,0.875,0.0,-0.0,-0.0,1,0.1202,0
2240,-0.7412,0.875,0.0,-0.0,-0.0,1,0.1162,0
2304,-0.7374,0.875,0.0,-0.0,-0.0,1,0.1124,0
2368,-0.7334,0.875,0.0,-0.0,-0.0,1,0.1084,0
2432,-0.7295,0.875,0.0,-0.0,-0.0,1,0.1045,0
2496,-0.7255,0.875,0.0,-0.0,-0.0,1,0.1005,0
2560,-0.7217,0.875,0.0,-0.0,-0.0,1,0.0967,0
2624,-0.7177,0.875,0.0,-0.0,0.0,1,0.0927,0
2688,-0.7137,0.875,0.0,-0.0,0.0,1,0.0887,0
2752,-0.7098,0.875,0.0,-0.0,0.0,1,0.0848,0
2816,-0.7058,0.875,0.0,-0.0,0.0,1,0.0808,0
2880,-0.702,0.875,0.0,-0.0,0.0,1,0.077,0
2944,-0.698,0.875,0.0,-0.0,0.0,1,0.073,0
3008,-0.6941,0.875,0.0,-0.0,0.0,1,0.0691,0
3072,-0.6901,0.875,0.0,0.0,0.0,1,0.0651,0
3136,-0.6863,0.875,0.0,0.0,0.0,1,0.0613,0
3200,-0.6823,0.875,0.0,0.0,0.0,1,0.0573,0
3264,-0.6784,0.875,0.0,0.0,0.0,1,0.0534,0
3328,-0.6744,0.875,0.0,0.0,0.0,1,0.0494,0
3392,-0.6704,0.875,0.0,0.0,0.0,1,0.0454,0
3456,-0.6666,0.875,0.0,0.0,0.0,1,0.0416,0
3520,-0.6626,0.875,0.0,0.0,0.0,1,0.0376,0
3584,-0.6587,0.875,0.0,0.0,0.0,1,0.0337,0
3648,-0.6547,0.875,0.0,0.0,0.0,1,0.0297,0
3712,-0.6509,0.875,0.0,0.0,-0.0,1,0.0259,0
3776,-0.6469,0.875,0.0,0.0,-0.0,1,0.0219,0
3840,-0.643,0.875,0.0,0.0,-0.0,1,0.018,0
3904,-0.639,0.875,0.0,0.0,-0.0,1,0.014,0
4032,-0.6312,0.875,0.0,0.0,-0.0,2,0.2501,0
4096,-0.6311,0.875,-8.07,-7.99,-8.02,2,0.2501,0
4160,-0.6312,0.875,-15.37,-15.31,-15.35,2,0.2501,0
4224,-0.6312,0.875,-22.03,-22.02,-22.05,2,0.2501,0
4288,-0.6312,0.875,-28.17,-28.07,-28.12,2,0.2501,0
4352,-0.6312,0.875,-33.55,-33.56,-33.59,2,0.2501,0
4416,-0.6311,0.8749,-38.67,-38.51,-38.59,2,0.25,0
4480,-0.6306,0.8746,-43.16,-42.99,-43.1,2,0.2496,0
4544,-0.6301,0.874,-47.25,-47.08,-47.22,2,0.2491,0
4608,-0.6294,0.8732,-51.1,-50.82,-51.0,2,0.2483,0
4672,-0.6286,0.8721,-54.55,-54.2,-54.45,2,0.2472,0
4736,-0.6277,0.8708,-57.76,-57.3,-57.62,2,0.2458,0
4800,-0.6268,0.8693,-60.7,-60.13,-60.54,2,0.2443,0
4864,-0.6259,0.8676,-63.26,-62.72,-63.17,2,0.2426,0
4928,-0.625,0.8657,-65.69,-65.11,-65.61,2,0.2407,0
4992,-0.6241,0.8637,-68.0,-67.29,-67.87,2,0.2387,0
5056,-0.6232,0.8614,-70.05,-69.3,-69.94,2,0.2364,0
5120,-0.6224,0.859,-71.71,-71.14,-71.76,2,0.234,0
5184,-0.6216,0.8565,-73.63,-72.84,-73.52,2,0.2315,0
5248,-0.6209,0.8539,-75.17,-74.4,-75.11,2,0.2289,0
5312,-0.6202,0.8511,-76.58,-75.84,-76.56,2,0.2261,0
5376,-0.6196,0.8483,-77.99,-77.17,-77.92,2,0.2233,0
5440,-0.619,0.8453,-79.14,-78.39,-79.14,2,0.2204,0
5504,-0.6184,0.8423,-80.17,-79.51,-80.23,2,0.2174,0
5568,-0.6179,0.8392,-81.32,-80.55,-81.29,2,0.2143,0
5632,-0.6175,0.836,-82.21,-81.51,-82.24,2,0.2112,0
5696,-0.617,0.8328,-83.11,-82.4,-83.12,2,0.2079,0
5760,-0.6167,0.8295,-84.01,-83.22,-83.96,2,0.2047,0
5824,-0.6163,0.8262,-84.78,-83.97,-84.74,2,0.2014,0
5888,-0.616,0.8228,-85.42,-84.67,-85.43,2,0.198,0
5952,-0.6158,0.8193,-86.18,-85.32,-86.11,2,0.1945,0
6016,-0.6156,0.8158,-86.7,-85.91,-86.7,2,0.1911,0
6080,-0.6154,0.8123,-87.34,-86.46,-87.28,2,0.1876,0
6144,-0.6152,0.8088,-87.72,-86.97,-87.77,2,0.184,0
6208,-0.6151,0.8052,-88.23,-87.44,-88.24,2,0.1804,0
6272,-0.615,0.8016,-88.62,-87.88,-88.65,2,0.1769,0
6336,-0.6149,0.798,-89.13,-88.29,-89.09,2,0.1733,0
6400,-0.6149,0.7944,-89.51,-88.67,-89.48,2,0.1697,0
6464,-0.6149,0.7907,-89.9,-89.02,-89.86,2,0.166,0
6528,-0.6149,0.787,-90.28,-89.35,-90.22,2,0.1623,0
6592,-0.6149,0.7833,-90.54,-89.65,-90.53,2,0.1586,0
6656,-0.615,0.7796,-90.79,-89.93,-90.8,2,0.1549,0
6720,-0.615,0.7758,-91.05,-90.19,-91.06,2,0.1512,0
6784,-0.6151,0.7721,-91.31,-90.43,-91.31,2,0.1474,0
6848,-0.6152,0.7684,-91.56,-90.66,-91.54,2,0.1437,0
6912,-0.6153,0.7646,-91.69,-90.87,-91.73,2,0.1399,0
6976,-0.6154,0.7608,-91.95,-91.08,-91.94,2,0.1362,0
7040,-0.6155,0.757,-92.08,-91.26,-92.11,2,0.1324,0
7104,-0.6157,0.7532,-92.33,-91.44,-92.3,2,0.1285,0
7168,-0.6159,0.7494,-92.46,-91.61,-92.47,2,0.1247,0
7232,-0.616,0.7456,-92.59,-91.76,-92.61,2,0.1209,0
7296,-0.6162,0.7418,-92.72,-91.91,-92.74,2,0.1171,0
7360,-0.6164,0.7379,-92.97,-92.05,-92.91,2,0.1133,0
7424,-0.6166,0.7341,-93.1,-92.18,-93.06,2,0.1095,0
7488,-0.6168,0.7304,-93.23,-92.3,-93.2,2,0.1057,0
7552,-0.617,0.7265,-93.23,-92.42,-93.28,2,0.1018,0
7616,-0.6172,0.7226,-93.48,-92.53,-93.42,2,0.0979,0
7680,-0.6175,0.7188,-93.48,-92.63,-93.51,2,0.0941,0
7744,-0.6177,0.7149,-93.74,-92.72,-93.65,2,0.0902,0
7808,-0.618,0.7111,-93.74,-92.81,-93.74,2,0.0864,0
7872,-0.6182,0.7072,-93.74,-92.89,-93.79,2,0.0825,0
7936,-0.6185,0.7033,-93.87,-92.98,-93.87,2,0.0786,0
8000,-0.6187,0.6995,-94.0,-93.05,-93.97,2,0.0748,0
8064,-0.619,0.6957,-94.0,-93.13,-94.03,2,0.0709,0
8128,-0.6193,0.6917,-94.12,-93.2,-94.11,2,0.067,0
8192,-0.6196,0.6879,-94.12,-93.27,-94.16,2,0.0631,0
8256,-0.6199,0.684,-94.25,-93.34,-94.24,2,0.0592,0
8320,-0.6201,0.6801,-94.25,-93.41,-94.29,2,0.0553,0
8384,-0.6204,0.6762,-94.38,-93.48,-94.36,2,0.0514,0
8448,-0.6207,0.6724,-94.51,-93.54,-94.46,2,0.0476,0
8512,-0.621,0.6686,-94.51,-93.61,-94.52,2,0.0438,0
8576,-0.6213,0.6647,-94.64,-93.67,-94.6,2,0.0398,0
8640,-0.6217,0.6608,-94.64,-93.73,-94.65,2,0.036,0
8704,-0.622,0.6569,-94.76,-93.79,-94.73,2,0.032,0
8768,-0.6223,0.653,-94.76,-93.85,-94.78,2,0.0282,0
8832,-0.6226,0.6491,-94.89,-93.91,-94.86,2,0.0242,0
8896,-0.623,0.6453,-94.89,-93.98,-94.92,2,0.0204,0
8960,-0.6233,0.6414,-94.89,-94.05,-94.95,2,0.0165,0
9024,-0.6236,0.6376,-95.15,-94.14,-95.08,2,0.0127,0
9152,-0.6243,0.6299,-95.15,-94.34,-95.23,3,0.2494,0
9216,-0.6243,0.6299,-86.7,-85.84,-86.71,3,0.2494,0
9280,-0.6243,0.6299,-79.01,-78.06,-78.96,3,0.2494,0
9344,-0.6243,0.6299,-71.84,-70.85,-71.79,3,0.2494,0
9408,-0.6243,0.6299,-65.44,-64.4,-65.37,3,0.2494,0
9472,-0.6243,0.6299,-59.55,-58.59,-59.56,3,0.2494,0
9536,-0.6243,0.6299,-54.17,-53.35,-54.26,3,0.2494,0
9600,-0.6241,0.6296,-49.43,-48.57,-49.47,3,0.2492,0
9664,-0.6237,0.6292,-44.95,-44.23,-45.06,3,0.2488,0
9728,-0.6231,0.6286,-40.85,-40.28,-41.02,3,0.2481,0
9792,-0.6222,0.6279,-37.27,-36.68,-37.36,3,0.2472,0
9856,-0.621,0.6271,-33.94,-33.39,-34.02,3,0.246,0
9920,-0.6196,0.6262,-30.86,-30.38,-30.96,3,0.2446,0
9984,-0.618,0.6253,-28.05,-27.63,-28.15,3,0.243,0
10048,-0.6163,0.6244,-25.61,-25.12,-25.63,3,0.2413,0
10112,-0.6143,0.6235,-23.18,-22.82,-23.28,3,0.2393,0
10176,-0.6121,0.6226,-21.0,-20.7,-21.1,3,0.2371,0
10240,-0.6099,0.6218,-19.08,-18.76,-19.13,3,0.2349,0
10304,-0.6074,0.621,-17.29,-16.97,-17.32,3,0.2325,0
10368,-0.6048,0.6202,-15.5,-15.32,-15.61,3,0.2299,0
10432,-0.6022,0.6195,-14.09,-13.8,-14.09,3,0.2272,0
10496,-0.5993,0.6188,-12.68,-12.4,-12.69,3,0.2244,0
10560,-0.5964,0.6182,-11.4,-11.11,-11.4,3,0.2216,0
10624,-0.5935,0.6176,-10.24,-9.92,-10.22,3,0.2186,0
10688,-0.5904,0.6171,-8.96,-8.82,-9.06,3,0.2156,0
10752,-0.5873,0.6167,-8.07,-7.8,-8.06,3,0.2125,0
10816,-0.5841,0.6162,-7.04,-6.87,-7.1,3,0.2093,0
10880,-0.5808,0.6159,-6.27,-6.01,-6.25,3,0.206,0
10944,-0.5775,0.6155,-5.38,-5.22,-5.43,3,0.2028,0
11008,-0.5741,0.6152,-4.74,-4.49,-4.71,3,0.1994,0
11072,-0.5708,0.615,-3.97,-3.81,-4.01,3,0.1961,0
11136,-0.5673,0.6147,-3.46,-3.19,-3.41,3,0.1926,0
11200,-0.5638,0.6145,-2.82,-2.61,-2.83,3,0.1891,0
11264,-0.5603,0.6144,-2.31,-2.08,-2.3,3,0.1856,0
11328,-0.5567,0.6143,-1.79,-1.58,-1.8,3,0.182,0
11392,-0.5532,0.6142,-1.15,-1.11,-1.27,3,0.1785,0
11456,-0.5496,0.6141,-0.9,-0.69,-0.86,3,0.1749,0
11520,-0.546,0.6141,-0.38,-0.29,-0.43,3,0.1713,0
11584,-0.5423,0.6141,0.0,0.08,-0.04,3,0.1677,0
11648,-0.5386,0.6141,0.26,0.42,0.28,3,0.1639,0
11712,-0.5349,0.6141,0.64,0.74,0.61,3,0.1603,0
11776,-0.5312,0.6141,0.9,1.03,0.9,3,0.1565,0
11840,-0.5275,0.6142,1.28,1.31,1.22,3,0.1529,0
11904,-0.5238,0.6143,1.54,1.56,1.49,3,0.1491,0
11968,-0.52,0.6144,1.66,1.8,1.71,3,0.1454,0
12032,-0.5162,0.6145,1.92,2.02,1.93,3,0.1416,0
12096,-0.5124,0.6147,2.05,2.23,2.1,3,0.1378,0
12160,-0.5087,0.6148,2.31,2.42,2.3,3,0.1341,0
12224,-0.5049,0.615,2.43,2.61,2.47,3,0.1303,0
12288,-0.5011,0.6151,2.69,2.78,2.66,3,0.1264,0
12352,-0.4973,0.6153,2.82,2.95,2.82,3,0.1226,0
12416,-0.4935,0.6155,2.95,3.1,2.96,3,0.1188,0
12480,-0.4897,0.6157,3.07,3.25,3.1,3,0.1151,0
12544,-0.4858,0.6159,3.33,3.38,3.27,3,0.1112,0
12608,-0.482,0.6161,3.46,3.51,3.42,3,0.1074,0
12672,-0.4782,0.6164,3.46,3.63,3.51,3,0.1035,0
12736,-0.4744,0.6166,3.59,3.74,3.61,3,0.0997,0
12800,-0.4705,0.6169,3.84,3.85,3.76,3,0.0959,0
12864,-0.4667,0.6171,3.84,3.95,3.85,3,0.092,0
12928,-0.4628,0.6174,3.97,4.05,3.96,3,0.0881,0
12992,-0.459,0.6177,4.1,4.14,4.06,3,0.0843,0
13056,-0.4551,0.6179,4.1,4.22,4.13,3,0.0804,0
13120,-0.4512,0.6182,4.23,4.3,4.22,3,0.0765,0
13184,-0.4473,0.6185,4.23,4.38,4.27,3,0.0726,0
13248,-0.4436,0.6188,4.35,4.46,4.35,3,0.0688,0
13312,-0.4396,0.6191,4.48,4.53,4.45,3,0.0649,0
13376,-0.4358,0.6194,4.48,4.6,4.5,3,0.0611,0
13440,-0.4319,0.6197,4.61,4.67,4.59,3,0.0571,0
13504,-0.428,0.62,4.61,4.74,4.64,3,0.0533,0
13568,-0.4241,0.6203,4.74,4.81,4.72,3,0.0493,0
13632,-0.4203,0.6206,4.74,4.87,4.77,3,0.0455,0
13696,-0.4165,0.621,4.87,4.94,4.84,3,0.0417,0
13760,-0.4126,0.6213,4.99,5.0,4.94,3,0.0378,0
13824,-0.4087,0.6216,4.99,5.06,5.0,3,0.0339,0
13888,-0.4048,0.622,5.12,5.12,5.08,3,0.03,0
13952,-0.401,0.6223,5.12,5.19,5.14,3,0.0261,0
14016,-0.3971,0.6227,5.25,5.25,5.22,3,0.0222,0
14080,-0.3932,0.623,5.25,5.32,5.28,3,0.0183,0
14144,-0.3894,0.6234,5.25,5.4,5.32,3,0.0145,0
14272,-0.3817,0.6241,5.51,5.59,5.53,4,0.2567,0
14336,-0.3781,0.6245,4.99,5.11,5.03,4,0.2531,0
14400,-0.3746,0.6248,4.61,4.67,4.59,4,0.2496,0
14464,-0.3709,0.625,4.23,4.25,4.2,4,0.2459,0
14528,-0.3673,0.6253,3.71,3.87,3.78,4,0.2423,0
14592,-0.3636,0.6255,3.46,3.52,3.44,4,0.2386,0
14656,-0.3599,0.6257,3.07,3.2,3.1,4,0.2349,0
14720,-0.3562,0.6259,2.82,2.91,2.81,4,0.2312,0
14784,-0.3525,0.6261,2.43,2.63,2.5,4,0.2275,0
14848,-0.3488,0.6262,2.18,2.38,2.22,4,0.2238,0
14912,-0.345,0.6264,2.05,2.16,2.01,4,0.22,0
14976,-0.3413,0.6265,1.79,1.94,1.8,4,0.2163,0
15040,-0.3375,0.6266,1.66,1.75,1.62,4,0.2125,0
15104,-0.3337,0.6267,1.54,1.56,1.47,4,0.2087,0
15168,-0.3299,0.6268,1.28,1.39,1.29,4,0.2049,0
15232,-0.3261,0.6269,1.02,1.22,1.09,4,0.2011,0
15296,-0.3223,0.627,0.9,1.08,0.93,4,0.1973,0
15360,-0.3184,0.627,0.9,0.94,0.83,4,0.1934,0
15424,-0.3146,0.6271,0.77,0.81,0.73,4,0.1896,0
15488,-0.3108,0.6271,0.51,0.69,0.57,4,0.1858,0
15552,-0.3069,0.6271,0.51,0.58,0.48,4,0.1819,0
15616,-0.3031,0.6272,0.38,0.48,0.38,4,0.1781,0
15680,-0.2992,0.6272,0.26,0.38,0.27,4,0.1742,0
15744,-0.2953,0.6272,0.26,0.29,0.21,4,0.1703,0
15808,-0.2914,0.6272,0.0,0.21,0.08,4,0.1665,0
15872,-0.2876,0.6272,0.0,0.13,0.0,4,0.1626,0
15936,-0.2837,0.6272,0.0,0.06,-0.04,4,0.1587,0
16000,-0.2798,0.6272,-0.13,-0.01,-0.12,4,0.1548,0
16064,-0.2759,0.6272,-0.13,-0.07,-0.16,4,0.151,0
16128,-0.272,0.6272,-0.26,-0.13,-0.24,4,0.147,0
16192,-0.2681,0.6272,-0.26,-0.19,-0.28,4,0.1432,0
16256,-0.2642,0.6272,-0.38,-0.24,-0.35,4,0.1392,0
16320,-0.2604,0.6271,-0.38,-0.29,-0.39,4,0.1354,0
16384,-0.2565,0.6271,-0.38,-0.34,-0.42,4,0.1315,0
16448,-0.2526,0.6271,-0.51,-0.38,-0.48,4,0.1276,0
16512,-0.2487,0.627,-0.51,-0.42,-0.52,4,0.1237,0
16576,-0.2448,0.627,-0.64,-0.46,-0.59,4,0.1198,0
16640,-0.2409,0.627,-0.64,-0.5,-0.63,4,0.1159,0
16704,-0.2369,0.6269,-0.64,-0.53,-0.65,4,0.1119,0
16768,-0.2331,0.6269,-0.64,-0.56,-0.67,4,0.1081,0
16832,-0.2291,0.6268,-0.77,-0.59,-0.72,4,0.1042,0
16896,-0.2252,0.6268,-0.64,-0.61,-0.71,4,0.1002,0
16960,-0.2213,0.6267,-0.77,-0.64,-0.75,4,0.0963,0
17024,-0.2174,0.6267,-0.77,-0.67,-0.77,4,0.0924,0
17088,-0.2135,0.6266,-0.9,-0.69,-0.83,4,0.0885,0
17152,-0.2096,0.6266,-0.77,-0.71,-0.82,4,0.0846,0
17216,-0.2056,0.6265,-0.9,-0.73,-0.86,4,0.0807,0
17280,-0.2018,0.6264,-0.9,-0.75,-0.89,4,0.0768,0
17344,-0.1978,0.6264,-0.9,-0.77,-0.9,4,0.0728,0
17408,-0.1939,0.6263,-0.9,-0.78,-0.91,4,0.0689,0
17472,-0.1899,0.6263,-0.9,-0.8,-0.92,4,0.065,0
17536,-0.1861,0.6262,-0.9,-0.82,-0.92,4,0.0611,0
17600,-0.1822,0.6261,-1.02,-0.84,-0.97,4,0.0572,0
17664,-0.1782,0.6261,-0.9,-0.85,-0.95,4,0.0532,0
17728,-0.1743,0.626,-1.02,-0.87,-0.99,4,0.0493,0
17792,-0.1704,0.6259,-0.9,-0.89,-0.97,4,0.0454,0
17856,-0.1665,0.6259,-1.02,-0.91,-1.0,4,0.0415,0
17920,-0.1625,0.6258,-1.15,-0.93,-1.07,4,0.0375,0
17984,-0.1586,0.6257,-1.02,-0.94,-1.06,4,0.0336,0
18048,-0.1547,0.6256,-1.15,-0.96,-1.1,4,0.0297,0
18112,-0.1507,0.6256,-1.02,-0.97,-1.08,4,0.0258,0
18176,-0.1468,0.6255,-1.15,-0.99,-1.12,4,0.0218,0
18240,-0.143,0.6254,-1.15,-1.0,-1.14,4,0.018,0
18304,-0.139,0.6253,-1.15,-1.02,-1.16,4,0.014,0
18432,-0.1312,0.6252,-1.28,-1.07,-1.22,5,0.2503,0
18496,-0.1312,0.6252,-9.22,-8.98,-9.17,5,0.2503,0
18560,-0.1312,0.6252,-16.39,-16.25,-16.42,5,0.2503,0
18624,-0.1312,0.6252,-23.05,-22.89,-23.06,5,0.2503,0
18688,-0.1312,0.6252,-28.94,-28.84,-28.99,5,0.2503,0
18752,-0.1312,0.6252,-34.32,-34.24,-34.36,5,0.2503,0
18816,-0.131,0.6251,-39.31,-39.13,-39.27,5,0.2501,0
18880,-0.1306,0.6247,-43.8,-43.57,-43.74,5,0.2497,0
18944,-0.13,0.6241,-47.77,-47.6,-47.77,5,0.2491,0
19008,-0.1293,0.6232,-51.61,-51.26,-51.49,5,0.2482,0
19072,-0.1285,0.6222,-54.94,-54.63,-54.89,5,0.2472,0
19136,-0.1276,0.6208,-58.14,-57.7,-58.02,5,0.2458,0
19200,-0.1267,0.6193,-60.96,-60.51,-60.88,5,0.2443,0
19264,-0.1258,0.6176,-63.52,-63.08,-63.47,5,0.2426,0
19328,-0.1249,0.6156,-65.95,-65.44,-65.88,5,0.2406,0
19392,-0.124,0.6136,-68.13,-67.59,-68.06,5,0.2386,0
19456,-0.1231,0.6113,-70.18,-69.58,-70.1,5,0.2363,0
19520,-0.1223,0.6089,-72.1,-71.4,-71.98,5,0.2339,0
19584,-0.1215,0.6064,-73.76,-73.07,-73.69,5,0.2314,0
19648,-0.1208,0.6037,-75.43,-74.63,-75.31,5,0.2287,0
19712,-0.1201,0.6009,-76.84,-76.04,-76.77,5,0.226,0
19776,-0.1195,0.5981,-77.99,-77.35,-78.04,5,0.2231,0
19840,-0.1189,0.5951,-79.4,-78.56,-79.3,5,0.2202,0
19904,-0.1184,0.5921,-80.42,-79.67,-80.42,5,0.2172,0
19968,-0.1179,0.5889,-81.57,-80.7,-81.49,5,0.2141,0
20032,-0.1174,0.5858,-82.34,-81.64,-82.4,5,0.2109,0
20096,-0.117,0.5825,-83.24,-82.51,-83.26,5,0.2077,0
20160,-0.1166,0.5792,-84.14,-83.32,-84.09,5,0.2044,0
20224,-0.1163,0.5758,-84.78,-84.07,-84.82,5,0.201,0
20288,-0.116,0.5725,-85.54,-84.76,-85.52,5,0.1977,0
20352,-0.1158,0.569,-86.18,-85.39,-86.17,5,0.1942,0
20416,-0.1156,0.5656,-86.82,-85.98,-86.78,5,0.1908,0
20480,-0.1154,0.562,-87.34,-86.53,-87.33,5,0.1872,0
20544,-0.1152,0.5585,-87.85,-87.03,-87.84,5,0.1838,0
20608,-0.1151,0.5549,-88.36,-87.49,-88.32,5,0.1802,0
20672,-0.115,0.5514,-88.75,-87.93,-88.75,5,0.1766,0
20736,-0.115,0.5477,-89.13,-88.33,-89.14,5,0.173,0
20800,-0.1149,0.544,-89.51,-88.7,-89.52,5,0.1693,0
20864,-0.1149,0.5404,-89.9,-89.05,-89.88,5,0.1657,0
20928,-0.1149,0.5367,-90.28,-89.37,-90.23,5,0.162,0
20992,-0.1149,0.5329,-90.54,-89.67,-90.53,5,0.1583,0
21056,-0.115,0.5293,-90.92,-89.95,-90.85,5,0.1546,0
21120,-0.115,0.5255,-91.18,-90.21,-91.13,5,0.1509,0
21184,-0.1151,0.5218,-91.31,-90.45,-91.35,5,0.1471,0
21248,-0.1152,0.518,-91.56,-90.67,-91.57,5,0.1434,0
21312,-0.1153,0.5143,-91.82,-90.88,-91.79,5,0.1396,0
21376,-0.1155,0.5105,-91.95,-91.08,-91.97,5,0.1358,0
21440,-0.1156,0.5067,-92.08,-91.26,-92.13,5,0.132,0
21504,-0.1157,0.5028,-92.33,-91.44,-92.31,5,0.1282,0
21568,-0.1159,0.499,-92.46,-91.6,-92.47,5,0.1244,0
21632,-0.1161,0.4952,-92.59,-91.76,-92.61,5,0.1206,0
21696,-0.1162,0.4915,-92.72,-91.9,-92.74,5,0.1168,0
21760,-0.1164,0.4876,-92.97,-92.04,-92.92,5,0.1129,0
21824,-0.1166,0.4838,-93.1,-92.17,-93.06,5,0.1091,0
21888,-0.1168,0.48,-93.23,-92.29,-93.2,5,0.1053,0
21952,-0.1171,0.4761,-93.36,-92.4,-93.33,5,0.1014,0
22016,-0.1173,0.4723,-93.48,-92.51,-93.45,5,0.0976,0
22080,-0.1175,0.4684,-93.48,-92.61,-93.53,5,0.0937,0
22144,-0.1178,0.4645,-93.61,-92.7,-93.62,5,0.0898,0
22208,-0.118,0.4607,-93.74,-92.79,-93.72,5,0.086,0
22272,-0.1183,0.4569,-93.74,-92.88,-93.78,5,0.0822,0
22336,-0.1185,0.453,-93.87,-92.96,-93.87,5,0.0782,0
22400,-0.1188,0.4491,-93.87,-93.04,-93.92,5,0.0744,0
22464,-0.119,0.4453,-94.0,-93.12,-94.0,5,0.0706,0
22528,-0.1193,0.4414,-94.12,-93.19,-94.09,5,0.0666,0
22592,-0.1196,0.4376,-94.12,-93.27,-94.15,5,0.0628,0
22656,-0.1199,0.4336,-94.25,-93.34,-94.23,5,0.0589,0
22720,-0.1202,0.4298,-94.25,-93.4,-94.28,5,0.055,0
22784,-0.1205,0.4259,-94.38,-93.47,-94.36,5,0.0511,0
22848,-0.1208,0.4221,-94.51,-93.54,-94.46,5,0.0473,0
22912,-0.1211,0.4182,-94.51,-93.6,-94.51,5,0.0434,0
22976,-0.1214,0.4143,-94.64,-93.66,-94.6,5,0.0395,0
23040,-0.1217,0.4105,-94.64,-93.72,-94.65,5,0.0356,0
23104,-0.122,0.4066,-94.76,-93.78,-94.73,5,0.0317,0
23168,-0.1223,0.4027,-94.76,-93.84,-94.78,5,0.0278,0
23232,-0.1227,0.3988,-94.89,-93.91,-94.86,5,0.0239,0
23296,-0.123,0.3949,-94.89,-93.98,-94.92,5,0.02,0
23360,-0.1233,0.3911,-94.89,-94.05,-94.96,5,0.0162,0
23424,-0.1237,0.3872,-95.02,-94.14,-95.04,5,0.0123,0
23552,-0.1243,0.3796,-95.28,-94.36,-95.26,6,0.2494,0
23616,-0.1243,0.3796,-86.7,-85.8,-86.7,6,0.2494,0
23680,-0.1243,0.3796,-79.01,-78.03,-78.96,6,0.2494,0
23744,-0.1243,0.3796,-71.84,-70.85,-71.81,6,0.2494,0
23808,-0.1243,0.3796,-65.44,-64.37,-65.36,6,0.2494,0
23872,-0.1243,0.3796,-59.55,-58.5,-59.52,6,0.2494,0
23936,-0.1243,0.3796,-54.17,-53.24,-54.23,6,0.2494,0
24000,-0.1242,0.3794,-49.3,-48.47,-49.4,6,0.2492,0
24064,-0.1237,0.3789,-44.95,-44.14,-45.02,6,0.2488,0
24128,-0.1231,0.3783,-40.85,-40.18,-40.99,6,0.2481,0
24192,-0.1222,0.3775,-37.27,-36.59,-37.35,6,0.2472,0
24256,-0.121,0.3767,-33.94,-33.32,-34.03,6,0.246,0
24320,-0.1197,0.3759,-30.73,-30.31,-30.92,6,0.2447,0
24384,-0.1181,0.3749,-28.05,-27.56,-28.12,6,0.2431,0
24448,-0.1163,0.3741,-25.48,-25.05,-25.57,6,0.2413,0
24512,-0.1143,0.3732,-23.18,-22.74,-23.23,6,0.2393,0
24576,-0.1122,0.3723,-20.87,-20.62,-21.03,6,0.2372,0
24640,-0.1099,0.3715,-19.08,-18.69,-19.09,6,0.2349,0
24704,-0.1074,0.3707,-17.29,-16.89,-17.29,6,0.2325,0
24768,-0.1048,0.3699,-15.5,-15.24,-15.59,6,0.2299,0
24832,-0.1022,0.3692,-13.96,-13.71,-14.02,6,0.2273,0
24896,-0.0994,0.3685,-12.55,-12.31,-12.59,6,0.2245,0
24960,-0.0965,0.3679,-11.27,-11.02,-11.29,6,0.2216,0
25024,-0.0935,0.3674,-10.12,-9.83,-10.11,6,0.2187,0
25088,-0.0904,0.3668,-8.96,-8.73,-9.0,6,0.2156,0
25152,-0.0874,0.3664,-7.94,-7.72,-7.97,6,0.2125,0
25216,-0.0841,0.366,-7.04,-6.79,-7.04,6,0.2093,0
25280,-0.0809,0.3656,-6.15,-5.92,-6.16,6,0.2061,0
25344,-0.0775,0.3653,-5.38,-5.13,-5.37,6,0.2028,0
25408,-0.0742,0.365,-4.61,-4.4,-4.63,6,0.1994,0
25472,-0.0708,0.3647,-3.97,-3.72,-3.96,6,0.1961,0
25536,-0.0674,0.3645,-3.33,-3.09,-3.33,6,0.1927,0
25600,-0.0639,0.3643,-2.69,-2.51,-2.73,6,0.1892,0
25664,-0.0604,0.3642,-2.18,-1.98,-2.19,6,0.1857,0
25728,-0.0568,0.364,-1.66,-1.48,-1.68,6,0.1821,0
25792,-0.0532,0.3639,-1.28,-1.02,-1.24,6,0.1786,0
25856,-0.0496,0.3639,-0.77,-0.59,-0.8,6,0.175,0
25920,-0.046,0.3638,-0.38,-0.19,-0.39,6,0.1713,0
25984,-0.0423,0.3638,0.0,0.18,-0.01,6,0.1677,0
26048,-0.0386,0.3638,0.38,0.52,0.35,6,0.164,0
26112,-0.035,0.3639,0.77,0.84,0.7,6,0.1603,0
26176,-0.0312,0.3639,1.02,1.13,1.01,6,0.1566,0
26240,-0.0275,0.364,1.28,1.41,1.28,6,0.1529,0
26304,-0.0238,0.3641,1.54,1.66,1.54,6,0.1492,0
26368,-0.02,0.3642,1.79,1.9,1.78,6,0.1454,0
26432,-0.0163,0.3643,2.05,2.12,2.02,6,0.1417,0
26496,-0.0125,0.3645,2.18,2.33,2.21,6,0.1379,0
26560,-0.0087,0.3646,2.31,2.52,2.37,6,0.1341,0
26624,-0.005,0.3648,2.56,2.71,2.56,6,0.1304,0
26688,-0.0012,0.365,2.69,2.88,2.72,6,0.1266,0
26752,0.0027,0.3652,2.95,3.05,2.9,6,0.1227,0
26816,0.0065,0.3653,3.07,3.2,3.06,6,0.1189,0
26880,0.0103,0.3656,3.2,3.34,3.2,6,0.1151,0
26944,0.0141,0.3658,3.33,3.48,3.34,6,0.1113,0
27008,0.018,0.366,3.46,3.6,3.46,6,0.1074,0
27072,0.0218,0.3662,3.59,3.72,3.58,6,0.1036,0
27136,0.0256,0.3665,3.71,3.84,3.7,6,0.0998,0
27200,0.0295,0.3667,3.84,3.95,3.82,6,0.0959,0
27264,0.0333,0.367,3.84,4.05,3.89,6,0.092,0
27328,0.0371,0.3673,3.97,4.15,3.98,6,0.0882,0
27392,0.041,0.3675,4.1,4.24,4.09,6,0.0843,0
27456,0.0448,0.3678,4.23,4.33,4.19,6,0.0805,0
27520,0.0487,0.3681,4.35,4.41,4.3,6,0.0766,0
27584,0.0526,0.3684,4.35,4.49,4.37,6,0.0727,0
27648,0.0564,0.3687,4.35,4.57,4.41,6,0.0689,0
27712,0.0603,0.369,4.61,4.64,4.53,6,0.065,0
27776,0.0641,0.3693,4.61,4.71,4.61,6,0.0611,0
27840,0.068,0.3696,4.74,4.78,4.7,6,0.0572,0
27904,0.0719,0.3699,4.74,4.84,4.75,6,0.0533,0
27968,0.0757,0.3703,4.74,4.9,4.79,6,0.0495,0
28032,0.0797,0.3706,4.87,4.97,4.86,6,0.0456,0
28096,0.0835,0.3709,4.87,5.03,4.9,6,0.0417,0
28160,0.0874,0.3713,4.99,5.1,4.98,6,0.0378,0
28224,0.0913,0.3716,4.99,5.16,5.02,6,0.0339,0
28288,0.0952,0.3719,5.12,5.23,5.1,6,0.03,0
28352,0.099,0.3723,5.12,5.3,5.15,6,0.0261,0
28416,0.1028,0.3726,5.25,5.37,5.24,6,0.0223,0
28480,0.1067,0.373,5.38,5.45,5.34,6,0.0184,0
28544,0.1106,0.3733,5.38,5.54,5.41,6,0.0145,0
28672,0.1183,0.3741,5.63,5.74,5.65,7,0.2568,0
28736,0.1218,0.3744,5.12,5.25,5.15,7,0.2532,0
28800,0.1254,0.3747,4.74,4.8,4.71,7,0.2496,0
28864,0.129,0.375,4.23,4.37,4.26,7,0.246,0
28928,0.1326,0.3753,3.84,3.99,3.86,7,0.2424,0
28992,0.1363,0.3755,3.46,3.63,3.49,7,0.2387,0
29056,0.1399,0.3757,3.07,3.3,3.13,7,0.2351,0
29120,0.1436,0.3759,2.95,3.0,2.87,7,0.2314,0
29184,0.1473,0.3761,2.69,2.73,2.63,7,0.2277,0
29248,0.1511,0.3763,2.43,2.46,2.39,7,0.2239,0
29312,0.1549,0.3764,2.05,2.22,2.11,7,0.2201,0
29376,0.1586,0.3765,1.79,2.0,1.85,7,0.2164,0
29440,0.1624,0.3767,1.66,1.79,1.66,7,0.2126,0
29504,0.1661,0.3768,1.41,1.6,1.45,7,0.2089,0
29568,0.1699,0.3768,1.28,1.43,1.28,7,0.2051,0
29632,0.1737,0.3769,1.15,1.27,1.13,7,0.2013,0
29696,0.1776,0.377,0.9,1.12,0.95,7,0.1974,0
29760,0.1814,0.377,0.77,0.98,0.8,7,0.1936,0
29824,0.1852,0.3771,0.77,0.86,0.71,7,0.1898,0
29888,0.1891,0.3771,0.51,0.74,0.56,7,0.1859,0
29952,0.193,0.3772,0.51,0.63,0.47,7,0.1821,0
30016,0.1968,0.3772,0.38,0.52,0.37,7,0.1783,0
30080,0.2007,0.3772,0.26,0.43,0.27,7,0.1743,0
30144,0.2045,0.3772,0.13,0.34,0.16,7,0.1705,0
30208,0.2083,0.3773,0.13,0.25,0.1,7,0.1667,0
30272,0.2123,0.3773,0.0,0.18,0.01,7,0.1627,0
30336,0.2161,0.3773,0.0,0.1,-0.04,7,0.1589,0
30400,0.2201,0.3773,-0.13,0.03,-0.12,7,0.155,0
30464,0.2239,0.3772,-0.26,-0.03,-0.21,7,0.1512,0
30528,0.2277,0.3772,-0.26,-0.09,-0.26,7,0.1473,0
30592,0.2316,0.3772,-0.38,-0.14,-0.34,7,0.1434,0
30656,0.2356,0.3772,-0.26,-0.19,-0.34,7,0.1394,0
30720,0.2395,0.3772,-0.38,-0.24,-0.39,7,0.1355,0
30784,0.2434,0.3771,-0.38,-0.29,-0.42,7,0.1317,0
30848,0.2473,0.3771,-0.51,-0.33,-0.48,7,0.1277,0
30912,0.2512,0.3771,-0.51,-0.38,-0.52,7,0.1239,0
30976,0.2551,0.377,-0.64,-0.42,-0.59,7,0.1199,0
31040,0.2589,0.377,-0.64,-0.45,-0.63,7,0.1161,0
31104,0.2629,0.3769,-0.64,-0.48,-0.65,7,0.1121,0
31168,0.2668,0.3769,-0.64,-0.51,-0.67,7,0.1082,0
31232,0.2707,0.3768,-0.77,-0.54,-0.72,7,0.1043,0
31296,0.2746,0.3768,-0.77,-0.57,-0.76,7,0.1004,0
31360,0.2786,0.3767,-0.77,-0.59,-0.78,7,0.0964,0
31424,0.2824,0.3767,-0.77,-0.62,-0.79,7,0.0926,0
31488,0.2864,0.3766,-0.9,-0.64,-0.84,7,0.0887,0
31552,0.2903,0.3766,-0.77,-0.66,-0.83,7,0.0847,0
31616,0.2942,0.3765,-0.9,-0.68,-0.87,7,0.0808,0
31680,0.2981,0.3765,-0.9,-0.7,-0.89,7,0.0769,0
31744,0.3021,0.3764,-0.9,-0.72,-0.9,7,0.073,0
31808,0.3059,0.3763,-0.9,-0.74,-0.91,7,0.0691,0
31872,0.3099,0.3763,-1.02,-0.75,-0.96,7,0.0652,0
31936,0.3138,0.3762,-0.9,-0.77,-0.95,7,0.0612,0
32000,0.3177,0.3761,-1.02,-0.78,-0.99,7,0.0573,0
32064,0.3216,0.3761,-0.9,-0.8,-0.96,7,0.0534,0
32128,0.3256,0.376,-1.02,-0.82,-1.0,7,0.0495,0
32192,0.3294,0.3759,-1.02,-0.83,-1.02,7,0.0456,0
32256,0.3334,0.3759,-1.02,-0.85,-1.03,7,0.0416,0
32320,0.3373,0.3758,-1.02,-0.86,-1.04,7,0.0377,0
32384,0.3413,0.3757,-1.02,-0.88,-1.04,7,0.0337,0
32448,0.3451,0.3757,-1.02,-0.89,-1.05,7,0.0299,0
32512,0.349,0.3756,-1.15,-0.91,-1.1,7,0.026,0
32576,0.353,0.3755,-1.02,-0.93,-1.08,7,0.022,0
32640,0.3569,0.3754,-1.15,-0.95,-1.12,7,0.0181,0
32704,0.3608,0.3754,-1.15,-0.98,-1.15,7,0.0142,0
32832,0.3686,0.3752,-1.15,-1.03,-1.18,8,0.2503,0
32896,0.3686,0.3752,-9.09,-8.92,-9.08,8,0.2503,0
32960,0.3687,0.3752,-16.39,-16.19,-16.36,8,0.2503,0
33024,0.3686,0.3752,-22.92,-22.82,-22.97,8,0.2503,0
33088,0.3687,0.3752,-28.94,-28.82,-28.96,8,0.2503,0
33152,0.3687,0.3752,-34.32,-34.21,-34.34,8,0.2503,0
33216,0.3688,0.3751,-39.31,-39.14,-39.29,8,0.2501,0
33280,0.3693,0.3747,-43.8,-43.59,-43.76,8,0.2497,0
33344,0.3698,0.3741,-47.89,-47.62,-47.83,8,0.2492,0
33408,0.3705,0.3732,-51.48,-51.3,-51.49,8,0.2483,0
33472,0.3714,0.3722,-54.94,-54.64,-54.87,8,0.2472,0
33536,0.3722,0.3708,-58.14,-57.71,-58.02,8,0.2458,0
33600,0.3732,0.3693,-60.96,-60.5,-60.85,8,0.2443,0
33664,0.3741,0.3676,-63.52,-63.07,-63.46,8,0.2426,0
33728,0.375,0.3656,-65.95,-65.43,-65.87,8,0.2406,0
33792,0.3758,0.3636,-68.13,-67.61,-68.08,8,0.2386,0
33856,0.3767,0.3613,-70.18,-69.6,-70.11,8,0.2363,0
33920,0.3775,0.3589,-72.1,-71.42,-71.99,8,0.2339,0
33984,0.3783,0.3564,-73.76,-73.1,-73.7,8,0.2314,0
34048,0.3791,0.3536,-75.3,-74.64,-75.27,8,0.2287,0
34112,0.3797,0.351,-76.71,-76.06,-76.69,8,0.226,0
34176,0.3804,0.3481,-77.99,-77.37,-78.0,8,0.2231,0
34240,0.381,0.3451,-79.4,-78.58,-79.28,8,0.2202,0
34304,0.3815,0.3421,-80.42,-79.69,-80.4,8,0.2172,0
34368,0.382,0.3389,-81.32,-80.71,-81.38,8,0.2141,0
34432,0.3825,0.3358,-82.34,-81.66,-82.34,8,0.2109,0
34496,0.3829,0.3325,-83.24,-82.54,-83.22,8,0.2077,0
34560,0.3832,0.3292,-84.14,-83.35,-84.07,8,0.2044,0
34624,0.3836,0.3258,-84.78,-84.1,-84.8,8,0.201,0
34688,0.3838,0.3225,-85.54,-84.79,-85.51,8,0.1977,0
34752,0.3841,0.319,-86.18,-85.42,-86.16,8,0.1942,0
34816,0.3843,0.3156,-86.82,-86.0,-86.77,8,0.1908,0
34880,0.3845,0.312,-87.21,-86.54,-87.27,8,0.1873,0
34944,0.3846,0.3085,-87.85,-87.05,-87.8,8,0.1838,0
35008,0.3848,0.3049,-88.36,-87.51,-88.3,8,0.1802,0
35072,0.3849,0.3014,-88.75,-87.94,-88.74,8,0.1766,0
35136,0.3849,0.2977,-89.13,-88.34,-89.14,8,0.173,0
35200,0.385,0.294,-89.51,-88.71,-89.51,8,0.1693,0
35264,0.385,0.2903,-89.9,-89.06,-89.87,8,0.1657,0
35328,0.385,0.2867,-90.28,-89.38,-90.23,8,0.162,0
35392,0.385,0.2829,-90.54,-89.68,-90.53,8,0.1583,0
35456,0.3849,0.2792,-90.79,-89.96,-90.8,8,0.1545,0
35520,0.3849,0.2755,-91.05,-90.22,-91.06,8,0.1508,0
35584,0.3848,0.2717,-91.31,-90.46,-91.3,8,0.1471,0
35648,0.3847,0.268,-91.56,-90.68,-91.54,8,0.1433,0
35712,0.3846,0.2642,-91.69,-90.89,-91.73,8,0.1395,0
35776,0.3845,0.2605,-91.95,-91.09,-91.93,8,0.1358,0
35840,0.3843,0.2567,-92.08,-91.27,-92.1,8,0.132,0
35904,0.3842,0.2529,-92.2,-91.45,-92.25,8,0.1282,0
35968,0.384,0.249,-92.46,-91.61,-92.43,8,0.1244,0
36032,0.3839,0.2452,-92.59,-91.77,-92.59,8,0.1206,0
36096,0.3837,0.2415,-92.72,-91.91,-92.73,8,0.1168,0
36160,0.3835,0.2376,-92.97,-92.05,-92.9,8,0.1129,0
36224,0.3833,0.2338,-93.1,-92.18,-93.05,8,0.1091,0
36288,0.3831,0.2299,-93.1,-92.3,-93.15,8,0.1053,0
36352,0.3829,0.2262,-93.23,-92.41,-93.25,8,0.1015,0
36416,0.3826,0.2222,-93.36,-92.52,-93.36,8,0.0975,0
36480,0.3824,0.2184,-93.48,-92.62,-93.47,8,0.0937,0
36544,0.3822,0.2146,-93.48,-92.72,-93.54,8,0.0899,0
36608,0.3819,0.2107,-93.74,-92.81,-93.67,8,0.086,0
36672,0.3817,0.2069,-93.74,-92.9,-93.75,8,0.0821,0
36736,0.3814,0.203,-93.87,-92.98,-93.85,8,0.0782,0
36800,0.3812,0.1991,-93.87,-93.06,-93.9,8,0.0744,0
36864,0.3809,0.1953,-94.0,-93.14,-93.99,8,0.0706,0
36928,0.3806,0.1914,-94.12,-93.21,-94.08,8,0.0666,0
36992,0.3804,0.1875,-94.12,-93.28,-94.14,8,0.0628,0
37056,0.3801,0.1836,-94.25,-93.35,-94.22,8,0.0589,0
37120,0.3798,0.1798,-94.25,-93.41,-94.28,8,0.055,0
37184,0.3795,0.1759,-94.25,-93.47,-94.31,8,0.0511,0
37248,0.3792,0.172,-94.38,-93.54,-94.38,8,0.0472,0
37312,0.3789,0.1682,-94.38,-93.6,-94.42,8,0.0433,0
37376,0.3786,0.1642,-94.51,-93.67,-94.49,8,0.0394,0
37440,0.3783,0.1604,-94.51,-93.74,-94.54,8,0.0356,0
37504,0.378,0.1565,-94.76,-93.81,-94.67,8,0.0317,0
37568,0.3777,0.1527,-94.76,-93.87,-94.74,8,0.0278,0
37632,0.3773,0.1489,-94.76,-93.94,-94.79,8,0.024,0
37696,0.377,0.1449,-94.89,-94.01,-94.88,8,0.02,0
37760,0.3767,0.1411,-94.89,-94.09,-94.93,8,0.0162,0
37824,0.3763,0.1372,-95.15,-94.19,-95.07,8,0.0123,0
37952,0.3756,0.1296,-95.28,-94.4,-95.27,9,0.2546,0
38016,0.3753,0.126,-94.76,-93.94,-94.8,9,0.251,0
38080,0.375,0.1224,-94.38,-93.51,-94.37,9,0.2474,0
38144,0.3748,0.1188,-93.87,-93.11,-93.94,9,0.2438,0
38208,0.3745,0.1152,-93.61,-92.75,-93.59,9,0.2402,0
38272,0.3743,0.1114,-93.36,-92.42,-93.29,9,0.2364,0
38336,0.3741,0.1078,-92.97,-92.11,-92.98,9,0.2328,0
38400,0.3739,0.1041,-92.72,-91.82,-92.7,9,0.2291,0
38464,0.3738,0.1003,-92.46,-91.55,-92.44,9,0.2253,0
38528,0.3736,0.0966,-92.2,-91.3,-92.2,9,0.2216,0
38592,0.3735,0.0929,-91.95,-91.07,-91.96,9,0.2179,0
38656,0.3734,0.089,-91.69,-90.86,-91.73,9,0.214,0
38720,0.3733,0.0853,-91.43,-90.67,-91.5,9,0.2103,0
38784,0.3732,0.0815,-91.31,-90.49,-91.32,9,0.2065,0
38848,0.3731,0.0777,-91.18,-90.33,-91.16,9,0.2027,0
38912,0.373,0.0739,-91.05,-90.17,-91.02,9,0.1989,0
38976,0.3729,0.07,-90.79,-90.03,-90.85,9,0.195,0
39040,0.3729,0.0662,-90.67,-89.9,-90.7,9,0.1912,0
39104,0.3728,0.0624,-90.67,-89.78,-90.61,9,0.1874,0
39168,0.3728,0.0585,-90.41,-89.67,-90.47,9,0.1835,0
39232,0.3728,0.0546,-90.41,-89.56,-90.38,9,0.1796,0
39296,0.3728,0.0508,-90.28,-89.46,-90.28,9,0.1759,0
39360,0.3727,0.0469,-90.15,-89.37,-90.18,9,0.1719,0
39424,0.3727,0.043,-90.15,-89.29,-90.12,9,0.1681,0
39488,0.3727,0.0392,-90.03,-89.21,-90.03,9,0.1643,0
39552,0.3727,0.0353,-89.9,-89.14,-89.94,9,0.1603,0
39616,0.3727,0.0315,-89.9,-89.07,-89.88,9,0.1565,0
39680,0.3728,0.0275,-89.77,-89.0,-89.8,9,0.1526,0
39744,0.3728,0.0237,-89.77,-88.95,-89.75,9,0.1487,0
39808,0.3728,0.0197,-89.64,-88.89,-89.68,9,0.1448,0
39872,0.3728,0.0159,-89.64,-88.84,-89.63,9,0.1409,0
39936,0.3728,0.012,-89.64,-88.8,-89.61,9,0.137,0
40000,0.3729,0.0081,-89.51,-88.75,-89.54,9,0.1331,0
40064,0.3729,0.0042,-89.51,-88.71,-89.51,9,0.1293,0
40128,0.3729,0.0002,-89.51,-88.67,-89.48,9,0.1253,0
40192,0.373,-0.0036,-89.51,-88.63,-89.47,9,0.1214,0
40256,0.373,-0.0075,-89.39,-88.59,-89.41,9,0.1175,0
40320,0.373,-0.0114,-89.39,-88.55,-89.38,9,0.1136,0
40384,0.3731,-0.0153,-89.26,-88.52,-89.32,9,0.1097,0
40448,0.3731,-0.0193,-89.39,-88.49,-89.32,9,0.1058,0
40512,0.3732,-0.0232,-89.26,-88.46,-89.28,9,0.1018,0
40576,0.3732,-0.027,-89.26,-88.44,-89.25,9,0.098,0
40640,0.3733,-0.031,-89.13,-88.41,-89.19,9,0.094,0
40704,0.3733,-0.0349,-89.26,-88.39,-89.2,9,0.0901,0
40768,0.3734,-0.0388,-89.13,-88.36,-89.16,9,0.0862,0
40832,0.3735,-0.0427,-89.13,-88.34,-89.14,9,0.0823,0
40896,0.3735,-0.0467,-89.13,-88.32,-89.12,9,0.0783,0
40960,0.3736,-0.0505,-89.13,-88.31,-89.11,9,0.0745,0
41024,0.3736,-0.0545,-89.13,-88.29,-89.11,9,0.0705,0
41088,0.3737,-0.0584,-89.13,-88.27,-89.1,9,0.0666,0
41152,0.3738,-0.0623,-89.0,-88.25,-89.05,9,0.0627,0
41216,0.3738,-0.0662,-89.13,-88.23,-89.07,9,0.0588,0
41280,0.3739,-0.0702,-89.0,-88.21,-89.03,9,0.0548,0
41344,0.374,-0.074,-89.0,-88.19,-89.01,9,0.051,0
41408,0.374,-0.078,-89.0,-88.17,-89.0,9,0.047,0
41472,0.3741,-0.0819,-89.0,-88.16,-88.99,9,0.0431,0
41536,0.3742,-0.0858,-88.87,-88.14,-88.94,9,0.0392,0
41600,0.3742,-0.0897,-89.0,-88.13,-88.95,9,0.0353,0
41664,0.3743,-0.0937,-88.87,-88.11,-88.91,9,0.0313,0
41728,0.3744,-0.0976,-89.0,-88.09,-88.93,9,0.0274,0
41792,0.3745,-0.1015,-88.87,-88.07,-88.9,9,0.0235,0
41856,0.3745,-0.1054,-88.87,-88.05,-88.88,9,0.0196,0
41920,0.3746,-0.1094,-88.87,-88.03,-88.86,9,0.0156,0
41984,0.3747,-0.1132,-88.87,-88.0,-88.85,9,0.0118,0
42112,0.3749,-0.121,-88.75,-87.93,-88.75,10,0.2502,0
42176,0.3749,-0.1211,-80.68,-79.96,-80.74,10,0.2502,0
42240,0.3749,-0.1211,-73.51,-72.61,-73.43,10,0.2502,0
42304,0.3749,-0.1211,-66.85,-65.92,-66.78,10,0.2502,0
42368,0.3749,-0.1211,-60.96,-59.92,-60.84,10,0.2502,0
42432,0.3749,-0.1211,-55.32,-54.47,-55.37,10,0.2502,0
42496,0.375,-0.1212,-50.58,-49.57,-50.51,10,0.2501,0
42560,0.3753,-0.1216,-45.97,-45.1,-46.02,10,0.2497,0
42624,0.3759,-0.1222,-41.75,-41.06,-41.9,10,0.2491,0
42688,0.3768,-0.1229,-38.03,-37.39,-38.15,10,0.2482,0
42752,0.3779,-0.1237,-34.58,-34.02,-34.71,10,0.2472,0
42816,0.3791,-0.1245,-31.5,-30.96,-31.59,10,0.2459,0
42880,0.3807,-0.1254,-28.69,-28.13,-28.74,10,0.2443,0
42944,0.3825,-0.1264,-26.0,-25.55,-26.1,10,0.2425,0
43008,0.3843,-0.1272,-23.69,-23.19,-23.73,10,0.2407,0
43072,0.3865,-0.1281,-21.39,-21.02,-21.49,10,0.2385,0
43136,0.3887,-0.1289,-19.47,-19.02,-19.49,10,0.2363,0
43200,0.3911,-0.1297,-17.54,-17.19,-17.61,10,0.2339,0
43264,0.3936,-0.1305,-15.88,-15.51,-15.91,10,0.2314,0
43328,0.3963,-0.1312,-14.21,-13.95,-14.31,10,0.2288,0
43392,0.3991,-0.1319,-12.68,-12.52,-12.8,10,0.2261,0
43456,0.402,-0.1325,-11.4,-11.2,-11.45,10,0.2232,0
43520,0.4049,-0.1331,-10.24,-9.99,-10.24,10,0.2202,0
43584,0.4079,-0.1336,-9.09,-8.88,-9.11,10,0.2173,0
43648,0.4111,-0.1341,-8.07,-7.84,-8.07,10,0.2141,0
43712,0.4142,-0.1345,-7.17,-6.89,-7.14,10,0.211,0
43776,0.4175,-0.1349,-6.27,-6.01,-6.27,10,0.2078,0
43840,0.4208,-0.1352,-5.51,-5.2,-5.47,10,0.2045,0
43904,0.4241,-0.1355,-4.74,-4.45,-4.73,10,0.2011,0
43968,0.4275,-0.1358,-3.97,-3.75,-4.01,10,0.1978,0
44032,0.431,-0.136,-3.33,-3.11,-3.36,10,0.1943,0
44096,0.4344,-0.1362,-2.69,-2.52,-2.74,10,0.1909,0
44160,0.438,-0.1363,-2.05,-1.97,-2.14,10,0.1874,0
44224,0.4415,-0.1364,-1.66,-1.47,-1.65,10,0.1839,0
44288,0.4451,-0.1365,-1.15,-1.0,-1.17,10,0.1803,0
44352,0.4486,-0.1366,-0.77,-0.57,-0.75,10,0.1767,0
44416,0.4523,-0.1366,-0.38,-0.17,-0.36,10,0.1731,0
44480,0.456,-0.1366,0.0,0.21,0.01,10,0.1694,0
44544,0.4596,-0.1366,0.38,0.56,0.37,10,0.1658,0
44608,0.4633,-0.1366,0.77,0.89,0.72,10,0.1621,0
44672,0.467,-0.1365,1.02,1.19,1.02,10,0.1584,0
44736,0.4707,-0.1364,1.41,1.47,1.34,10,0.1547,0
44800,0.4744,-0.1363,1.66,1.73,1.62,10,0.151,0
44864,0.4782,-0.1362,1.92,1.97,1.88,10,0.1473,0
44928,0.482,-0.1361,2.05,2.19,2.09,10,0.1435,0
44992,0.4857,-0.1359,2.31,2.4,2.3,10,0.1397,0
45056,0.4895,-0.1358,2.43,2.6,2.47,10,0.1359,0
45120,0.4933,-0.1356,2.56,2.78,2.62,10,0.1321,0
45184,0.4971,-0.1354,2.95,2.96,2.85,10,0.1283,0
45248,0.5009,-0.1352,3.07,3.12,3.04,10,0.1245,0
45312,0.5047,-0.135,3.2,3.27,3.19,10,0.1207,0
45376,0.5085,-0.1348,3.2,3.42,3.29,10,0.1169,0
45440,0.5124,-0.1346,3.46,3.55,3.44,10,0.113,0
45504,0.5162,-0.1344,3.59,3.68,3.57,10,0.1092,0
45568,0.52,-0.1341,3.71,3.8,3.7,10,0.1054,0
45632,0.5238,-0.1339,3.71,3.91,3.78,10,0.1016,0
45696,0.5277,-0.1336,3.97,4.02,3.92,10,0.0977,0
45760,0.5315,-0.1333,3.97,4.13,4.0,10,0.0938,0
45824,0.5354,-0.1331,4.23,4.23,4.15,10,0.09,0
45888,0.5392,-0.1328,4.23,4.31,4.23,10,0.0861,0
45952,0.5431,-0.1325,4.23,4.4,4.28,10,0.0823,0
46016,0.5469,-0.1322,4.48,4.48,4.41,10,0.0784,0
46080,0.5508,-0.1319,4.48,4.56,4.48,10,0.0745,0
46144,0.5546,-0.1316,4.48,4.64,4.53,10,0.0707,0
46208,0.5585,-0.1313,4.61,4.71,4.61,10,0.0668,0
46272,0.5624,-0.131,4.61,4.78,4.65,10,0.0629,0
46336,0.5663,-0.1307,4.74,4.85,4.73,10,0.059,0
46400,0.5701,-0.1303,4.87,4.92,4.82,10,0.0552,0
46464,0.574,-0.13,4.99,4.99,4.93,10,0.0512,0
46528,0.5779,-0.1297,4.99,5.05,4.99,10,0.0474,0
46592,0.5817,-0.1293,4.99,5.11,5.03,10,0.0435,0
46656,0.5856,-0.129,5.12,5.17,5.1,10,0.0396,0
46720,0.5895,-0.1286,5.12,5.23,5.15,10,0.0357,0
46784,0.5934,-0.1283,5.25,5.29,5.22,10,0.0318,0
46848,0.5972,-0.1279,5.25,5.35,5.27,10,0.0279,0
46912,0.6011,-0.1276,5.38,5.42,5.35,10,0.024,0
46976,0.605,-0.1272,5.38,5.49,5.41,10,0.0202,0
47040,0.6088,-0.1268,5.38,5.57,5.45,10,0.0163,0
47104,0.6127,-0.1265,5.63,5.66,5.57,10,0.0124,0
47232,0.6203,-0.1257,5.76,5.88,5.77,11,0.2547,0
47296,0.6239,-0.1254,5.25,5.37,5.26,11,0.2511,0
47360,0.6274,-0.1251,4.87,4.9,4.82,11,0.2476,0
47424,0.631,-0.1248,4.35,4.47,4.37,11,0.244,0
47488,0.6346,-0.1245,3.97,4.06,3.97,11,0.2404,0
47552,0.6383,-0.1243,3.59,3.7,3.6,11,0.2367,0
47616,0.642,-0.124,3.2,3.35,3.23,11,0.233,0
47680,0.6456,-0.1238,2.82,3.04,2.88,11,0.2294,0
47744,0.6494,-0.1237,2.56,2.75,2.59,11,0.2256,0
47808,0.6531,-0.1235,2.31,2.49,2.32,11,0.2219,0
47872,0.6568,-0.1234,2.05,2.25,2.07,11,0.2182,0
47936,0.6606,-0.1232,1.92,2.03,1.87,11,0.2144,0
48000,0.6644,-0.1231,1.66,1.82,1.66,11,0.2107,0
48064,0.6681,-0.123,1.54,1.62,1.49,11,0.2069,0
48128,0.6719,-0.1229,1.28,1.44,1.3,11,0.2031,0
48192,0.6757,-0.1228,1.15,1.27,1.14,11,0.1993,0
48256,0.6795,-0.1228,0.9,1.11,0.95,11,0.1955,0
48320,0.6833,-0.1227,0.77,0.97,0.79,11,0.1917,0
48384,0.6872,-0.1227,0.77,0.84,0.7,11,0.1878,0
48448,0.6911,-0.1226,0.51,0.71,0.55,11,0.184,0
48512,0.6949,-0.1226,0.38,0.59,0.42,11,0.1802,0
48576,0.6987,-0.1226,0.38,0.49,0.34,11,0.1763,0
48640,0.7026,-0.1226,0.13,0.39,0.2,11,0.1724,0
48704,0.7064,-0.1225,0.13,0.29,0.11,11,0.1686,0
48768,0.7103,-0.1225,0.13,0.21,0.06,11,0.1647,0
48832,0.7142,-0.1225,-0.13,0.13,-0.06,11,0.1609,0
48896,0.718,-0.1225,-0.13,0.05,-0.13,11,0.157,0
48960,0.7219,-0.1226,-0.13,-0.02,-0.17,11,0.1531,0
49024,0.7258,-0.1226,-0.26,-0.08,-0.25,11,0.1492,0
49088,0.7297,-0.1226,-0.26,-0.14,-0.29,11,0.1453,0
49152,0.7336,-0.1226,-0.38,-0.2,-0.36,11,0.1414,0
49216,0.7375,-0.1226,-0.38,-0.26,-0.41,11,0.1375,0
49280,0.7414,-0.1227,-0.51,-0.31,-0.48,11,0.1336,0
49344,0.7453,-0.1227,-0.51,-0.36,-0.52,11,0.1298,0
49408,0.7492,-0.1227,-0.64,-0.4,-0.59,11,0.1258,0
49472,0.753,-0.1228,-0.64,-0.44,-0.63,11,0.122,0
49536,0.757,-0.1228,-0.64,-0.48,-0.66,11,0.118,0
49600,0.7609,-0.1229,-0.64,-0.52,-0.68,11,0.1141,0
49664,0.7648,-0.1229,-0.64,-0.55,-0.69,11,0.1103,0
49728,0.7687,-0.123,-0.77,-0.59,-0.74,11,0.1063,0
49792,0.7726,-0.123,-0.77,-0.62,-0.77,11,0.1025,0
49856,0.7765,-0.1231,-0.77,-0.65,-0.79,11,0.0985,0
49920,0.7804,-0.1231,-0.77,-0.68,-0.8,11,0.0946,0
49984,0.7843,-0.1232,-0.9,-0.72,-0.86,11,0.0907,0
50048,0.7882,-0.1232,-0.9,-0.74,-0.89,11,0.0868,0
50112,0.7922,-0.1233,-0.9,-0.77,-0.91,11,0.0828,0
50176,0.796,-0.1234,-0.9,-0.79,-0.92,11,0.079,0
50240,0.8,-0.1234,-1.02,-0.82,-0.97,11,0.075,0
50304,0.8039,-0.1235,-0.9,-0.84,-0.96,11,0.0711,0
50368,0.8078,-0.1236,-1.02,-0.86,-1.0,11,0.0672,0
50432,0.8117,-0.1236,-1.02,-0.88,-1.02,11,0.0633,0
50496,0.8157,-0.1237,-1.02,-0.91,-1.04,11,0.0593,0
50560,0.8195,-0.1238,-1.02,-0.93,-1.05,11,0.0555,0
50624,0.8235,-0.1238,-1.15,-0.95,-1.1,11,0.0516,0
50688,0.8274,-0.1239,-1.02,-0.97,-1.08,11,0.0476,0
50752,0.8313,-0.124,-1.15,-0.99,-1.12,11,0.0437,0
50816,0.8352,-0.1241,-1.15,-1.01,-1.14,11,0.0398,0
50880,0.8392,-0.1241,-1.15,-1.03,-1.16,11,0.0358,0
50944,0.843,-0.1242,-1.15,-1.05,-1.17,11,0.032,0
51008,0.847,-0.1243,-1.28,-1.07,-1.22,11,0.0281,0
51072,0.8509,-0.1244,-1.28,-1.08,-1.26,11,0.0241,0
51136,0.8548,-0.1245,-1.28,-1.1,-1.28,11,0.0202,0
51200,0.8588,-0.1246,-1.28,-1.12,-1.29,11,0.0162,0
51264,0.8627,-0.1247,-1.28,-1.14,-1.3,11,0.0124,0
51392,0.8705,-0.1248,-1.28,-1.2,-1.35,12,0.2502,0
51456,0.8704,-0.1248,-9.35,-9.07,-9.27,12,0.2502,0
51520,0.8704,-0.1248,-16.52,-16.37,-16.55,12,0.2502,0
51584,0.8704,-0.1248,-23.18,-22.98,-23.17,12,0.2502,0
51648,0.8705,-0.1249,-29.2,-28.98,-29.18,12,0.2502,0
51712,0.8705,-0.1249,-34.58,-34.41,-34.59,12,0.2502,0
51776,0.8707,-0.125,-39.57,-39.3,-39.51,12,0.2501,0
51840,0.871,-0.1253,-44.18,-43.71,-44.02,12,0.2497,0
51904,0.8716,-0.1259,-48.15,-47.74,-48.08,12,0.2491,0
51968,0.8723,-0.1268,-51.86,-51.43,-51.81,12,0.2483,0
52032,0.8731,-0.1279,-55.32,-54.8,-55.23,12,0.2472,0
52096,0.874,-0.1292,-58.52,-57.87,-58.38,12,0.2458,0
52160,0.8749,-0.1308,-61.34,-60.68,-61.24,12,0.2442,0
52224,0.8758,-0.1325,-63.9,-63.24,-63.84,12,0.2425,0
52288,0.8767,-0.1344,-66.34,-65.6,-66.25,12,0.2406,0
52352,0.8775,-0.1365,-68.51,-67.76,-68.45,12,0.2385,0
52416,0.8784,-0.1388,-70.56,-69.75,-70.48,12,0.2363,0
52480,0.8792,-0.1412,-72.48,-71.57,-72.37,12,0.2339,0
52544,0.88,-0.1437,-74.15,-73.25,-74.08,12,0.2314,0
52608,0.8807,-0.1464,-75.68,-74.81,-75.65,12,0.2287,0
52672,0.8813,-0.1491,-77.09,-76.23,-77.08,12,0.226,0
52736,0.882,-0.152,-78.37,-77.55,-78.39,12,0.2231,0
52800,0.8826,-0.155,-79.53,-78.76,-79.57,12,0.2202,0
52864,0.8831,-0.158,-80.81,-79.88,-80.73,12,0.2171,0
52928,0.8835,-0.1611,-81.83,-80.91,-81.79,12,0.2141,0
52992,0.884,-0.1643,-82.73,-81.87,-82.74,12,0.2109,0
53056,0.8844,-0.1676,-83.62,-82.75,-83.62,12,0.2076,0
53120,0.8847,-0.1708,-84.52,-83.56,-84.46,12,0.2044,0
53184,0.885,-0.1742,-85.29,-84.3,-85.24,12,0.2011,0
53248,0.8853,-0.1776,-85.93,-84.99,-85.92,12,0.1977,0
53312,0.8855,-0.1811,-86.44,-85.62,-86.51,12,0.1942,0
53376,0.8857,-0.1845,-87.21,-86.21,-87.14,12,0.1908,0
53440,0.8859,-0.188,-87.72,-86.75,-87.7,12,0.1873,0
53504,0.886,-0.1916,-88.23,-87.26,-88.21,12,0.1837,0
53568,0.8861,-0.1951,-88.62,-87.72,-88.66,12,0.1802,0
53632,0.8862,-0.1987,-89.13,-88.16,-89.11,12,0.1766,0
53696,0.8862,-0.2024,-89.51,-88.56,-89.51,12,0.173,0
53760,0.8862,-0.206,-90.03,-88.94,-89.94,12,0.1694,0
53824,0.8862,-0.2097,-90.15,-89.29,-90.24,12,0.1657,0
53888,0.8862,-0.2134,-90.54,-89.61,-90.55,12,0.162,0
53952,0.8861,-0.217,-90.92,-89.92,-90.88,12,0.1584,0
54016,0.8861,-0.2208,-91.18,-90.2,-91.17,12,0.1546,0
54080,0.886,-0.2245,-91.43,-90.46,-91.43,12,0.1509,0
54144,0.8859,-0.2282,-91.69,-90.7,-91.68,12,0.1472,0
54208,0.8858,-0.232,-91.82,-90.93,-91.88,12,0.1434,0
54272,0.8856,-0.2358,-92.2,-91.15,-92.13,12,0.1396,0
54336,0.8855,-0.2396,-92.33,-91.35,-92.33,12,0.1358,0
54400,0.8853,-0.2433,-92.59,-91.54,-92.55,12,0.1321,0
54464,0.8851,-0.2471,-92.72,-91.71,-92.72,12,0.1283,0
54528,0.885,-0.2509,-92.84,-91.88,-92.87,12,0.1245,0
54592,0.8848,-0.2548,-93.1,-92.03,-93.05,12,0.1206,0
54656,0.8845,-0.2586,-93.23,-92.17,-93.2,12,0.1168,0
54720,0.8843,-0.2624,-93.36,-92.31,-93.34,12,0.113,0
54784,0.8841,-0.2662,-93.36,-92.43,-93.43,12,0.1092,0
54848,0.8839,-0.2701,-93.61,-92.55,-93.57,12,0.1053,0
54912,0.8836,-0.2739,-93.74,-92.66,-93.7,12,0.1015,0
54976,0.8834,-0.2777,-93.74,-92.77,-93.78,12,0.0976,0
55040,0.8831,-0.2816,-93.87,-92.87,-93.88,12,0.0937,0
55104,0.8829,-0.2854,-94.0,-92.97,-93.98,12,0.0899,0
55168,0.8826,-0.2893,-94.12,-93.06,-94.09,12,0.086,0
55232,0.8823,-0.2931,-94.25,-93.15,-94.21,12,0.0822,0
55296,0.882,-0.297,-94.25,-93.23,-94.27,12,0.0783,0
55360,0.8817,-0.3009,-94.38,-93.31,-94.36,12,0.0744,0
55424,0.8814,-0.3047,-94.38,-93.38,-94.42,12,0.0705,0
55488,0.8811,-0.3087,-94.51,-93.45,-94.5,12,0.0666,0
55552,0.8808,-0.3125,-94.51,-93.52,-94.54,12,0.0628,0
55616,0.8805,-0.3163,-94.64,-93.59,-94.62,12,0.059,0
55680,0.8802,-0.3202,-94.76,-93.66,-94.72,12,0.055,0
55744,0.8799,-0.3241,-94.76,-93.72,-94.77,12,0.0512,0
55808,0.8795,-0.328,-94.89,-93.78,-94.86,12,0.0472,0
55872,0.8792,-0.3318,-94.89,-93.84,-94.91,12,0.0434,0
55936,0.8789,-0.3357,-94.89,-93.9,-94.94,12,0.0395,0
56000,0.8785,-0.3396,-95.02,-93.96,-95.01,12,0.0356,0
56064,0.8782,-0.3434,-95.02,-94.03,-95.05,12,0.0317,0
56128,0.8779,-0.3473,-95.15,-94.09,-95.13,12,0.0278,0
56192,0.8775,-0.3512,-95.15,-94.16,-95.18,12,0.0239,0
56256,0.8771,-0.3551,-95.28,-94.24,-95.26,12,0.02,0
56320,0.8768,-0.3589,-95.4,-94.32,-95.37,12,0.0162,0
56384,0.8764,-0.3627,-95.4,-94.41,-95.44,12,0.0124,0
56512,0.8757,-0.3704,-95.66,-94.63,-95.68,13,0.2546,0
56576,0.8753,-0.3739,-95.28,-94.13,-95.22,13,0.2511,0
56640,0.875,-0.3775,-94.76,-93.66,-94.76,13,0.2475,0
56704,0.8747,-0.3811,-94.25,-93.23,-94.3,13,0.2439,0
56768,0.8745,-0.3848,-93.87,-92.83,-93.89,13,0.2402,0
56832,0.8742,-0.3884,-93.61,-92.47,-93.56,13,0.2366,0
56896,0.874,-0.392,-93.23,-92.13,-93.22,13,0.233,0
56960,0.8738,-0.3957,-92.84,-91.82,-92.89,13,0.2293,0
57024,0.8737,-0.3994,-92.59,-91.53,-92.59,13,0.2256,0
57088,0.8735,-0.4032,-92.33,-91.27,-92.33,13,0.2218,0
57152,0.8734,-0.4069,-92.08,-91.02,-92.08,13,0.2181,0
57216,0.8732,-0.4106,-91.82,-90.8,-91.84,13,0.2144,0
57280,0.8731,-0.4145,-91.56,-90.59,-91.61,13,0.2105,0
57344,0.873,-0.4183,-91.43,-90.4,-91.42,13,0.2067,0
57408,0.8729,-0.422,-91.18,-90.22,-91.22,13,0.203,0
57472,0.8729,-0.4258,-91.05,-90.06,-91.06,13,0.1992,0
57536,0.8728,-0.4296,-90.92,-89.91,-90.91,13,0.1954,0
57600,0.8727,-0.4335,-90.79,-89.77,-90.78,13,0.1915,0
57664,0.8727,-0.4373,-90.67,-89.64,-90.66,13,0.1877,0
57728,0.8726,-0.4411,-90.54,-89.52,-90.54,13,0.1839,0
57792,0.8726,-0.4451,-90.41,-89.4,-90.42,13,0.18,0
57856,0.8726,-0.4489,-90.28,-89.3,-90.3,13,0.1762,0
57920,0.8726,-0.4527,-90.28,-89.2,-90.23,13,0.1723,0
57984,0.8726,-0.4566,-90.03,-89.11,-90.1,13,0.1684,0
58048,0.8726,-0.4604,-90.03,-89.02,-90.02,13,0.1646,0
58112,0.8726,-0.4643,-90.03,-88.95,-89.97,13,0.1607,0
58176,0.8726,-0.4682,-89.9,-88.87,-89.9,13,0.1568,0
58240,0.8726,-0.472,-89.77,-88.8,-89.81,13,0.153,0
58304,0.8726,-0.476,-89.64,-88.73,-89.71,13,0.1491,0
58368,0.8726,-0.4798,-89.64,-88.68,-89.65,13,0.1452,0
58432,0.8726,-0.4837,-89.51,-88.62,-89.56,13,0.1413,0
58496,0.8727,-0.4877,-89.64,-88.58,-89.56,13,0.1374,0
58560,0.8727,-0.4915,-89.64,-88.53,-89.56,13,0.1335,0
58624,0.8727,-0.4955,-89.51,-88.48,-89.51,13,0.1296,0
58688,0.8728,-0.4993,-89.51,-88.43,-89.48,13,0.1257,0
58752,0.8728,-0.5032,-89.39,-88.39,-89.42,13,0.1218,0
58816,0.8728,-0.5071,-89.39,-88.35,-89.38,13,0.1179,0
58880,0.8729,-0.511,-89.26,-88.31,-89.31,13,0.114,0
58944,0.8729,-0.5149,-89.26,-88.27,-89.27,13,0.1101,0
59008,0.873,-0.5189,-89.26,-88.24,-89.25,13,0.1061,0
59072,0.873,-0.5227,-89.26,-88.21,-89.23,13,0.1023,0
59136,0.8731,-0.5267,-89.13,-88.18,-89.18,13,0.0983,0
59200,0.8731,-0.5305,-89.13,-88.15,-89.14,13,0.0945,0
59264,0.8732,-0.5345,-89.13,-88.13,-89.12,13,0.0905,0
59328,0.8733,-0.5384,-89.13,-88.11,-89.11,13,0.0866,0
59392,0.8733,-0.5423,-89.0,-88.08,-89.06,13,0.0827,0
59456,0.8734,-0.5462,-89.13,-88.06,-89.07,13,0.0788,0
59520,0.8735,-0.5502,-89.0,-88.04,-89.03,13,0.0749,0
59584,0.8735,-0.554,-89.0,-88.02,-89.01,13,0.071,0
59648,0.8736,-0.558,-89.0,-88.0,-88.99,13,0.067,0
59712,0.8737,-0.5619,-89.0,-87.99,-88.99,13,0.0631,0
59776,0.8737,-0.5659,-89.0,-87.97,-88.98,13,0.0591,0
59840,0.8738,-0.5697,-89.0,-87.95,-88.98,13,0.0553,0
59904,0.8739,-0.5737,-88.87,-87.93,-88.93,13,0.0514,0
59968,0.8739,-0.5776,-89.0,-87.91,-88.94,13,0.0474,0
60032,0.874,-0.5815,-88.87,-87.89,-88.9,13,0.0435,0
60096,0.8741,-0.5854,-88.87,-87.87,-88.88,13,0.0396,0
60160,0.8742,-0.5894,-88.87,-87.86,-88.87,13,0.0357,0
60224,0.8742,-0.5932,-88.87,-87.84,-88.86,13,0.0318,0
60288,0.8743,-0.5971,-88.75,-87.82,-88.81,13,0.0279,0
60352,0.8744,-0.6011,-88.87,-87.8,-88.82,13,0.0239,0
60416,0.8745,-0.605,-88.75,-87.78,-88.78,13,0.02,0
60480,0.8746,-0.6089,-88.87,-87.76,-88.8,13,0.0161,0
60544,0.8747,-0.6128,-88.75,-87.73,-88.76,13,0.0122,0
60672,0.8748,-0.6206,-88.62,-87.66,-88.67,14,0.2544,0
60736,0.8749,-0.6245,-88.87,-87.78,-88.82,14,0.2505,0
60800,0.875,-0.6284,-88.87,-87.88,-88.91,14,0.2466,0
60864,0.8751,-0.6322,-89.0,-87.98,-89.0,14,0.2428,0
60928,0.8751,-0.6361,-89.13,-88.07,-89.11,14,0.2389,0
60992,0.8752,-0.6399,-89.13,-88.16,-89.17,14,0.2351,0
61056,0.8752,-0.6438,-89.13,-88.24,-89.21,14,0.2312,0
61120,0.8753,-0.6477,-89.39,-88.31,-89.32,14,0.2273,0
61184,0.8753,-0.6515,-89.39,-88.38,-89.39,14,0.2235,0
61248,0.8754,-0.6555,-89.51,-88.45,-89.47,14,0.2195,0
61312,0.8754,-0.6593,-89.51,-88.5,-89.52,14,0.2157,0
61376,0.8754,-0.6632,-89.64,-88.55,-89.6,14,0.2118,0
61440,0.8755,-0.6671,-89.64,-88.6,-89.64,14,0.2079,0
61504,0.8755,-0.671,-89.64,-88.64,-89.67,14,0.204,0
61568,0.8755,-0.675,-89.64,-88.69,-89.69,14,0.2,0
61632,0.8755,-0.6788,-89.64,-88.73,-89.7,14,0.1962,0
61696,0.8756,-0.6827,-89.77,-88.77,-89.75,14,0.1923,0
61760,0.8756,-0.6866,-89.77,-88.81,-89.78,14,0.1884,0
61824,0.8756,-0.6905,-89.9,-88.84,-89.85,14,0.1845,0
61888,0.8756,-0.6945,-89.77,-88.87,-89.84,14,0.1805,0
61952,0.8756,-0.6984,-89.9,-88.9,-89.88,14,0.1766,0
62016,0.8756,-0.7023,-89.9,-88.93,-89.91,14,0.1728,0
62080,0.8756,-0.7062,-90.03,-88.96,-89.97,14,0.1688,0
62144,0.8756,-0.7101,-89.9,-88.98,-89.96,14,0.1649,0
62208,0.8756,-0.714,-90.03,-89.0,-90.0,14,0.161,0
62272,0.8756,-0.7179,-90.03,-89.02,-90.02,14,0.1571,0
62336,0.8756,-0.7219,-90.03,-89.04,-90.03,14,0.1531,0
62400,0.8756,-0.7257,-90.03,-89.06,-90.04,14,0.1493,0
62464,0.8756,-0.7297,-90.15,-89.08,-90.09,14,0.1453,0
62528,0.8756,-0.7336,-90.03,-89.09,-90.08,14,0.1414,0
62592,0.8756,-0.7375,-90.15,-89.11,-90.12,14,0.1375,0
62656,0.8756,-0.7415,-90.03,-89.12,-90.09,14,0.1335,0
62720,0.8756,-0.7454,-90.15,-89.13,-90.12,14,0.1296,0
62784,0.8756,-0.7493,-90.03,-89.15,-90.1,14,0.1257,0
62848,0.8756,-0.7532,-90.15,-89.16,-90.13,14,0.1218,0
62912,0.8756,-0.7572,-90.28,-89.17,-90.19,14,0.1178,0
62976,0.8755,-0.7611,-90.15,-89.18,-90.18,14,0.1139,0
63040,0.8755,-0.765,-90.28,-89.19,-90.22,14,0.11,0
63104,0.8755,-0.7689,-90.15,-89.19,-90.2,14,0.1061,0
63168,0.8755,-0.7729,-90.28,-89.2,-90.23,14,0.1021,0
63232,0.8755,-0.7768,-90.15,-89.21,-90.21,14,0.0982,0
63296,0.8755,-0.7807,-90.28,-89.21,-90.24,14,0.0943,0
63360,0.8754,-0.7846,-90.15,-89.22,-90.21,14,0.0904,0
63424,0.8754,-0.7886,-90.28,-89.22,-90.24,14,0.0864,0
63488,0.8754,-0.7925,-90.15,-89.23,-90.21,14,0.0825,0
63552,0.8754,-0.7964,-90.28,-89.23,-90.24,14,0.0786,0
63616,0.8754,-0.8004,-90.15,-89.24,-90.21,14,0.0747,0
63680,0.8754,-0.8043,-90.28,-89.25,-90.24,14,0.0707,0
63744,0.8754,-0.8083,-90.28,-89.25,-90.26,14,0.0667,0
63808,0.8753,-0.8121,-90.28,-89.26,-90.27,14,0.0629,0
63872,0.8753,-0.8161,-90.28,-89.26,-90.28,14,0.0589,0
63936,0.8753,-0.82,-90.28,-89.26,-90.28,14,0.055,0
64000,0.8753,-0.824,-90.28,-89.27,-90.28,14,0.051,0
64064,0.8753,-0.8278,-90.28,-89.27,-90.28,14,0.0472,0
64128,0.8752,-0.8318,-90.28,-89.27,-90.29,14,0.0432,0
64192,0.8752,-0.8357,-90.28,-89.27,-90.29,14,0.0393,0
64256,0.8752,-0.8397,-90.28,-89.28,-90.29,14,0.0353,0
64320,0.8752,-0.8435,-90.28,-89.28,-90.29,14,0.0315,0
64384,0.8752,-0.8475,-90.28,-89.28,-90.29,14,0.0275,0
64448,0.8751,-0.8515,-90.28,-89.29,-90.29,14,0.0235,0
64512,0.8751,-0.8554,-90.28,-89.29,-90.29,14,0.0196,0
64576,0.8751,-0.8594,-90.28,-89.3,-90.29,14,0.0156,0
64640,0.8751,-0.8632,-90.28,-89.31,-90.29,14,0.0118,0
